"Date","Description","Original Description","Amount","Transaction Type","Category","Account Name","Labels","Notes"
"11/12/2012","Peoples Coffee Tea","CHECKCARD 11/12 PEOPLES COFFEE AND TEA BERKELEY CA","5.75","debit","Coffee Shops","Hour Monet 7291","",""
"11/12/2012","Torch India","CHECKCARD TORCH OF INDIA VACAVILLE CA ON 11/09","33.05","debit","Restaurants","Hour Monet 7291","",""
"11/12/2012","Country Cheese Coffee","COUNTRY CHEESE COFFEE 11/11 #231629492202 PURCHASE COUNTRY CHEESE COFFEE M BERKELEY CA","18.92","debit","Groceries","Hour Monet 7291","",""
"11/12/2012","Fastrak","CHECKCARD 11/10 FASTRAK REBILL 877-2298655 CA","25.00","debit","Auto & Transport","Hour Monet 7291","",""
"11/12/2012","Zipcar","CHECKCARD 11/11 ZIPCAR INC CAMBRIDGE MA","287.42","debit","Rental Car & Taxi","Hour Monet 7291","",""
"11/12/2012","Monterey Market 1550 Hopkins Street","MONTEREY MARKET 11/11 #231600060047 PURCHASE 1550 HOPKINS STREET BERKELEY CA","33.40","debit","Groceries","Hour Monet 7291","",""
"11/12/2012","Safeway","SAFEWAY STORE 1954 11/10 #231501949157 PURCHASE 2275 PINE STREET REDDING CA","11.87","debit","Groceries","Hour Monet 7291","",""
"11/12/2012","Noodles & Company","CHECKCARD 11/11 WAYSIDE NOODLES SACRAMENTO CA","12.39","debit","Restaurants","Hour Monet 7291","",""
"11/12/2012","Cheese Board Colle","CHECKCARD 11/11 THE CHEESE BOARD COLLE BERKELEY CA","10.50","debit","Groceries","Hour Monet 7291","",""
"11/12/2012","Boardmart Snow Surf 1261 Market Street","BOARDMART SNOW SURF & 11/10 #231501039841 PURCHASE 1261 MARKET ST REDDING CA","54.59","debit","Groceries","Hour Monet 7291","",""
"11/12/2012","Safeway","SAFEWAY STORE 1954 11/10 #231501949169 PURCHASE 2275 PINE STREET REDDING CA","10.54","debit","Groceries","Hour Monet 7291","",""
"11/12/2012","Au Coquelet Cafe","CHECKCARD AU COQUELET CAFE BERKELEY CA ON 11/07","4.24","debit","Coffee Shops","Hour Monet 7291","",""
"11/12/2012","Sq Five Star","SQ FIVE STAR VIDEO 15","6.00","debit","Movies & DVDs","BankAmericard Cash Rewards Signature Visa","",""
"11/10/2012","Sebmf Online Bill","SEBMF ONLINE BILL PAY","132.84","debit","Bills & Utilities","BankAmericard Cash Rewards Signature Visa","",""
"11/09/2012","Ucb Housing Dining","CHECKCARD 1108 UCB HOUSING & DINING SV BERKELEY CA 24391212314207968201004","5.25","debit","Restaurants","Hour Monet 7291","",""
"11/08/2012","Yalis Cafe","CHECKCARD 1106 YALIS CAFE BERKELEY CA 24692162312000774152890","3.25","debit","Coffee Shops","Hour Monet 7291","",""
"11/08/2012","ATM Withdrawal","BKOFAMERICA ATM 11/08 #000009042 WITHDRWL SHATTUCK-VINE BERKELEY CA","40.00","debit","Cash & ATM","Hour Monet 7291","",""
"11/08/2012","Safeway","SAFEWAY STORE 11/08 #000082046 PURCHASE 1444 SHATTUCK PLA BERKELEY CA","28.99","debit","Groceries","Hour Monet 7291","",""
"11/08/2012","Five Star Video","FIVE STAR VIDEO OF ALA","6.00","debit","Movies & DVDs","BankAmericard Cash Rewards Signature Visa","",""
"11/07/2012","Green Earth Cafe","CHECKCARD 1105 GREEN EARTH CAFE & BAK BERKELEY CA 24071052311158191791586","15.32","debit","Restaurants","Hour Monet 7291","",""
"11/06/2012","Uc Berkeley Des","UC Berkeley DES:DIRECT PAY ID:ST23256150 INDN:0000SAVAGE,VALKYRIE AR CO...","2500.00","credit","Paycheck","Hour Monet 7291","",""
"11/06/2012","Cars Dawydiak Se","CHECKCARD 1105 CARS DAWYDIAK INC. - SE SAN FRANCISCOCA...","13.46","debit","Service & Parts","Hour Monet 7291","",""
"11/05/2012","PayPal","PAYPAL DES:INST XFER ID:4S8226DZEH9GS INDN:EVAN STRATFORD CO ID:PAYPALSI66...","10.00","debit","Shopping","my account 0020","",""
"11/05/2012","Clipper Service Ca","CHECKCARD 1101 CLIPPER SERVICE 877-878-8883 CA...","20.00","debit","Public Transportation","Hour Monet 7291","",""
"11/05/2012","Sq Five Star","CHECKCARD 1104 SQ *FIVE STAR VIDEO 155 Berkeley CA 24692162309000825171894","6.00","debit","Movies & DVDs","Hour Monet 7291","",""
"11/05/2012","Berkeley Econo Gas","CHECKCARD 1103 BERKELEY ECONO GAS BERKELEY CA 24801972309006000032611","3.84","debit","Gas & Fuel","Hour Monet 7291","",""
"11/05/2012","Bkofamerica ATM Deposit","BKOFAMERICA ATM 11/05 #000008632 DEPOSIT BERKELEY MAIN BERKELEY CA","200.00","credit","Income","Hour Monet 7291","",""
"11/05/2012","Monterey Marke 1550 Hopkins Street","MONTEREY MARKE 11/03 #000766306 PURCHASE 1550 HOPKINS STRE BERKELEY CA","44.80","debit","Groceries","Hour Monet 7291","",""
"11/05/2012","Safeway","SAFEWAY STORE 11/02 #000076086 PURCHASE 1444 SHATTUCK PLA BERKELEY CA","9.25","debit","Groceries","Hour Monet 7291","",""
"11/05/2012","Safeway","SAFEWAY STORE 11/02 #000076086 PURCHASE 1444 SHATTUCK PLA BERKELEY CA","25.10","debit","Groceries","Hour Monet 7291","",""
"11/05/2012","Zipcar","CHECKCARD 1104 ZIPCAR INC 866-494-7227 MA 24231682310200011873293","2.50","debit","Rental Car & Taxi","Hour Monet 7291","",""
"11/05/2012","Double Aa Gas","DOUBLE AA GAS 11/05 #000758400 PURCHASE 1101 JUNIPERO SER San Francisc CA","5.00","debit","Gas & Fuel","Hour Monet 7291","",""
"11/02/2012","Overdraft Fee","Chking Acct Overdraft Settlement Credit","3.64","credit","Bank Fee","my account 0020","",""
"11/02/2012","Check 118","Check 118","1759.05","debit","Electronics & Software","Hour Monet 7291","",""
"11/01/2012","PayPal","PAYPAL DES:INST XFER ID:4S8226DMSM3DJ INDN:EVAN STRATFORD CO ID:PAYPALSI66...","10.00","debit","Shopping","my account 0020","",""
"10/31/2012","Clipper Service Ca","CHECKCARD 1029 CLIPPER SERVICE 877-878-8883 CA...","20.00","debit","Public Transportation","Hour Monet 7291","",""
"10/31/2012","Clipper Service Ca","CHECKCARD 1029 CLIPPER SERVICE 877-878-8883 CA...","20.00","debit","Public Transportation","Hour Monet 7291","",""
"10/31/2012","ATM Withdrawal","BKOFAMERICA ATM 10/30 #000005069 WITHDRWL MISSION PLAZA SAN FRANCISCO...","60.00","debit","Cash & ATM","Hour Monet 7291","",""
"10/31/2012","PayPal","CISECO PLC DES:IAT PAYPAL ID:5ST226DGN2YL6 INDN:VALKYRIE SAVAGE...","9.46","debit","Shopping","Hour Monet 7291","",""
"10/30/2012","Transfer to Hour Monet 7291","Online Banking transfer to CHK 7291 Confirmation# 1864387220","4916.19","debit","Transfer","my account 0020","",""
"10/30/2012","Foreign Transaction Fee","FOREIGN TRANSACTION FE C_FEES","2.90","debit","Service Fee","Indiana University Alumni Association Inc. MasterCard","",""
"10/30/2012","Passport Office Nps","PASSPORT OFFICE NPS,MP","96.97","debit","Service Fee","Indiana University Alumni Association Inc. MasterCard","",""
"10/30/2012","Transfer from my account 0020","Online Banking transfer from CHK 0020 Confirmation# 1864387220","4916.19","credit","Transfer","Hour Monet 7291","",""
"10/30/2012","Ucb University Hlth","CHECKCARD 1029 UCB UNIVERSITY HLTH SER BERKELEY CA 24391212303286799900235","20.40","debit","Doctor","Hour Monet 7291","",""
"10/29/2012","Metreon Imax","METREON/IMAX 07023252","36.00","debit","Movies & DVDs","BankAmericard Cash Rewards Signature Visa","",""
"10/29/2012","Safeway","SAFEWAY STORE 10/27 #000070012 PURCHASE 1444 SHATTUCK PLA BERKELEY CA","17.39","debit","Groceries","Hour Monet 7291","",""
"10/29/2012","Monterey Marke 1550 Hopkins Street","MONTEREY MARKE 10/27 #000144572 PURCHASE 1550 HOPKINS STRE BERKELEY CA","21.82","debit","Groceries","Hour Monet 7291","",""
"10/29/2012","PayPal","PAYPAL DES:INST XFER ID:5ST226D9NZ6HY INDN:VALKYRIE SAVAGE CO ID:PAYPALSI66...","1381.03","debit","Mortgage & Rent","Hour Monet 7291","",""
"10/29/2012","Monterey Marke 1550 Hopkins Street","MONTEREY MARKE 10/28 #000493433 PURCHASE 1550 HOPKINS STRE BERKELEY CA","64.84","debit","Groceries","Hour Monet 7291","",""
"10/29/2012","Chicago Blackh","CHECKCARD 1026 CHICAGO BLACKH20250130 CHICAGO IL 24164072301531214748361","23.24","debit","Restaurants","Hour Monet 7291","",""
"10/26/2012","Safeway","SAFEWAY STORE 10/26 #000720091 PURCHASE 1444 SHATTUCK PLA BERKELEY CA","11.67","debit","Groceries","Hour Monet 7291","",""
"10/26/2012","Angela Savage Bill","Angela Savage Bill Payment","80.00","debit","Bills & Utilities","Hour Monet 7291","",""
"10/25/2012","Interest Charged Purchases","Interest Charged on Purchases C_BANKCHARGES","0.00","credit","Interest Income","BankAmericard Cash Rewards Signature Visa","",""
"10/25/2012","Interest Charged Balance","Interest Charged on Balance Transfers C_BANKCHARGES","0.00","credit","Interest Income","BankAmericard Cash Rewards Signature Visa","",""
"10/25/2012","Interest Charged Bank","Interest Charged on Bank Cash Advances C_BANKCHARGES","0.00","credit","Interest Income","BankAmericard Cash Rewards Signature Visa","",""
"10/25/2012","Interest Charged Dir","Interest Charged on Dir Dep&Chk CashAdv C_BANKCHARGES","0.00","credit","Interest Income","BankAmericard Cash Rewards Signature Visa","",""
"10/25/2012","Motor Mat Car","CHECKCARD 1024 MOTOR MAT CAR WASH JOLIET IL 24692162299000783938252","12.00","debit","Service & Parts","Hour Monet 7291","",""
"10/25/2012","Clipper Service Ca","CHECKCARD 1023 CLIPPER SERVICE 877-878-8883 CA...","20.00","debit","Public Transportation","Hour Monet 7291","",""
"10/24/2012","Wakaba","CHECKCARD 1023 Wakaba SOUTH SAN FRACA 24013392297001300570484","9.35","debit","Restaurants","Hour Monet 7291","",""
"10/23/2012","Transfer from Hour Monet 7291","Online scheduled transfer from CHK 7291 Confirmation# 4899145190","2100.00","credit","Transfer","my account 0020","",""
"10/23/2012","Alaska Air","CHECKCARD 1021 ALASKA AIR 02770981356 SEATTLE WA 24431062296331900015232","808.40","debit","Air Travel","Hour Monet 7291","",""
"10/23/2012","Macy's","MACY'S 28 10/23 #000002636 PURCHASE 3340 MALL LOOP JOLIET IL","39.97","debit","Clothing","Hour Monet 7291","",""
"10/23/2012","Berkeley Econo Gas","CHECKCARD 1021 BERKELEY ECONO GAS BERKELEY CA 24801972296006000632571","4.47","debit","Gas & Fuel","Hour Monet 7291","",""
"10/23/2012","Transfer to my account 0020","Online scheduled transfer to CHK 0020 Confirmation# 4899145190","2100.00","debit","Transfer","Hour Monet 7291","",""
"10/23/2012","Alaska Air","CHECKCARD 1021 ALASKA AIR 02770981356 SEATTLE WA 24431062296331900015240","808.40","debit","Air Travel","Hour Monet 7291","",""
"10/23/2012","Shutterfly","CHECKCARD 1022 SFI*PHOTOSBYSHUTTERFLY 800-986-1065 CA...","11.52","debit","Hobbies","Hour Monet 7291","",""
"10/23/2012","Target","TARGET T0894 10/23 #000002794 PURCHASE TARGET T0894 JOLI Joliet IL","51.63","debit","Shopping","Hour Monet 7291","",""
"10/22/2012","PayPal","PAYPAL DES:INST XFER ID:4S8226CFBCPPL INDN:EVAN STRATFORD CO ID:PAYPALSI66...","79.00","debit","Shopping","my account 0020","",""
"10/22/2012","Orbitz","CHECKCARD 1021 OWW*ORBITZ.COM 888-656-4546 IL...","13.98","debit","Air Travel","Hour Monet 7291","",""
"10/22/2012","Shell","SHELL Service 10/20 #000615500 PURCHASE SHELL OAKLAND CA","4.67","debit","Gas & Fuel","Hour Monet 7291","",""
"10/22/2012","ATM Withdrawal","BKOFAMERICA ATM 10/22 #000008404 WITHDRWL SFO AIRPORT-SOUT SAN...","140.00","debit","Cash & ATM","Hour Monet 7291","",""
"10/22/2012","Check 120","Check 120","675.00","debit","Mortgage & Rent","Hour Monet 7291","",""
"10/22/2012","Berkeley Bowl 2020 Oregon Street","BERKELEY BOWL 10/21 #000476500 PURCHASE 2020 OREGON ST. BERKELEY CA","36.44","debit","Groceries","Hour Monet 7291","",""
"10/22/2012","Check 119","Check 119","700.00","debit","Mortgage & Rent","Hour Monet 7291","",""
"10/22/2012","CVS","CVS 09941 10/20 #000016459 PURCHASE 09941--1451 Shatt Berkeley CA","30.44","debit","Pharmacy","Hour Monet 7291","",""
"10/22/2012","Safeway","SAFEWAY STORE 10/20 #000697039 PURCHASE 1444 SHATTUCK PLA BERKELEY CA","38.75","debit","Groceries","Hour Monet 7291","",""
"10/22/2012","Paradies","CHECKCARD 1014 CAFFE PARADISO BOSTON MA 24224432294105016659945","12.55","debit","Shopping","Hour Monet 7291","",""
"10/19/2012","Piedmont Theatre","PIEDMONT THEATRE OAKLAND CA","23.00","debit","Movies & DVDs","BankAmericard Cash Rewards Signature Visa","",""
"10/19/2012","Amazon","CHECKCARD 1019 AMAZON MKTPLACE PMTS AMZN.COM/BILLWA...","19.99","debit","Shopping","Hour Monet 7291","",""
"10/19/2012","Coupa Cafe Gl","CHECKCARD 1018 COUPA CAFE GL STANFORD CA 24493982293207099604639","2.50","debit","Restaurants","Hour Monet 7291","",""
"10/18/2012","Amazon","CHECKCARD 1017 AMAZON MKTPLACE PMTS AMZN.COM/BILLWA...","4.95","debit","Shopping","Hour Monet 7291","",""
"10/18/2012","La Bedaine","CHECKCARD 1017 LA BEDAINE BERKELEY CA 24765012292207000000214","12.00","debit","Restaurants","Hour Monet 7291","",""
"10/18/2012","Clipper Service Ca","CHECKCARD 1016 CLIPPER SERVICE 877-878-8883 CA...","20.00","debit","Public Transportation","Hour Monet 7291","",""
"10/18/2012","Clipper Service Ca","CHECKCARD 1016 CLIPPER SERVICE 877-878-8883 CA...","20.00","debit","Public Transportation","Hour Monet 7291","",""
"10/18/2012","Iu Foundation In","CHECKCARD 1015 IU FOUNDATION 800-5588311 IN 24789302291291067540906","10.00","debit","Charity","Hour Monet 7291","",""
"10/17/2012","ATM Withdrawal","BKOFAMERICA ATM 10/17 #000001320 WITHDRWL UNIVERSITY BERKELEY CA","40.00","debit","Cash & ATM","Hour Monet 7291","",""
"10/17/2012","USPS","USPS 050642006 10/17 #000006638 PURCHASE 2515 DURANT AVE BERKELEY CA","67.15","debit","Shipping","Hour Monet 7291","",""
"10/16/2012","Amazon","CHECKCARD 1015 AMAZON MKTPLACE PMTS AMZN.COM/BILLWA...","9.99","debit","Shopping","Hour Monet 7291","",""
"10/16/2012","Monterey Marke 1550 Hopkins Street","MONTEREY MARKE 10/16 #000110160 PURCHASE 1550 HOPKINS STRE BERKELEY CA","53.10","debit","Groceries","Hour Monet 7291","",""
"10/16/2012","Safeway","SAFEWAY STORE 10/15 #000710010 PURCHASE 1444 SHATTUCK PLA BERKELEY CA","29.33","debit","Groceries","Hour Monet 7291","",""
"10/16/2012","99 Ranch Market","99 RANCH MARKE 10/16 #000700290 PURCHASE 3288 PIERCE STREE RICHMOND CA","34.30","debit","Groceries","Hour Monet 7291","",""
"10/16/2012","GoGoAir","CHECKCARD 1016 GOGOAIR.COM 877-350-0038 IL 24692162290000242162006","10.00","debit","Air Travel","Hour Monet 7291","",""
"10/16/2012","Office Depot","OFFICE DEPOT 0 10/16 #000021581 PURCHASE 1011 GILMAN STREE BERKELEY CA","25.31","debit","Office Supplies","Hour Monet 7291","",""
"10/16/2012","NAPA Auto","CHECKCARD 1014 NAPA FARMS MAR00002246 SAN FRANCISCOCA...","28.05","debit","Service & Parts","Hour Monet 7291","",""
"10/15/2012","Zipcar","CHECKCARD 1014 ZIPCAR INC 866-494-7227 MA 24231682289200005222751","99.88","debit","Rental Car & Taxi","Hour Monet 7291","",""
"10/15/2012","Sq Alive Kicking","CHECKCARD 1012 SQ *ALIVE & KICKING LOB Boston MA 24692162286000260438342","64.85","debit","Clothing","Hour Monet 7291","",""
"10/15/2012","Subway","SUBWAY CHARLES 10/14 #000007088 PURCHASE 362 CAMBRIDGE STR BOSTON MA","2.50","debit","Fast Food","Hour Monet 7291","",""
"10/15/2012","Baccos Wine Cheese","CHECKCARD 1012 BACCOS WINE AND CHEESE BOSTON MA 24755422287732872239830","12.15","debit","Alcohol & Bars","Hour Monet 7291","",""
"10/15/2012","Hungry Whale Salem","CHECKCARD 1011 THE HUNGRY WHALE SALEM MA 24088022286286253838402","48.00","debit","Restaurants","Hour Monet 7291","",""
"10/15/2012","West Concord Super","CHECKCARD 1013 WEST CONCORD SUPER WEST CONCORD MA 24224432288104002497632","28.27","debit","Clothing","Hour Monet 7291","",""
"10/15/2012","Zipcar","CHECKCARD 1011 ZIPCAR INC 866-494-7227 MA 24231682286200950890019","91.81","debit","Rental Car & Taxi","Hour Monet 7291","",""
"10/15/2012","Subway","SUBWAY CHARLES 10/14 #000007105 PURCHASE 362 CAMBRIDGE STR BOSTON MA","2.50","debit","Fast Food","Hour Monet 7291","",""
"10/15/2012","PayPal","PAYPAL DES:INST XFER ID:5ST226BSYGU3Q INDN:VALKYRIE SAVAGE CO ID:PAYPALSI66...","986.52","debit","Shopping","Hour Monet 7291","",""
"10/15/2012","Virgin America","CHECKCARD 1014 COSI-VIRGIN AMERIC EAST BOSTON MA 24224432289104016182872","17.10","debit","Air Travel","Hour Monet 7291","",""
"10/12/2012","Russell Orchards Ipswich","CHECKCARD 1011 RUSSELL ORCHARDS IPSWICH MA 24828242285981002158991","16.54","debit","Alcohol & Bars","Hour Monet 7291","",""
"10/12/2012","Pamplemousse Salem Ma","CHECKCARD 1011 PAMPLEMOUSSE SALEM MA 24055232286207000030139","40.90","debit","Alcohol & Bars","Hour Monet 7291","",""
"10/11/2012","Catered Affair","CHECKCARD 1010 THE CATERED AFFAIR BOSTON MA 24224432285102011836264","9.00","debit","Restaurants","Hour Monet 7291","",""
"10/11/2012","Miracle Science Bar","CHECKCARD 1010 MIRACLE OF SCIENCE BAR CAMBRIDGE MA 24055222285207888701076","58.00","debit","Alcohol & Bars","Hour Monet 7291","",""
"10/11/2012","Whole Foods","WHOLE FOODS MA 10/11 #000170108 PURCHASE 181 Cambridge Str Boston MA","28.87","debit","Groceries","Hour Monet 7291","",""
"10/10/2012","Hubway","CHECKCARD 1008 HUBWAY PORTLAND OR 24493982284207511600505","10.00","debit","Public Transportation","Hour Monet 7291","",""
"10/10/2012","Sq Clover Fast","CHECKCARD 1009 SQ *CLOVER FAST FOOD, I Boston MA 24692162283000406421593","10.00","debit","Food & Dining","Hour Monet 7291","",""
"10/10/2012","ATM Withdrawal","BKOFAMERICA ATM 10/10 #000002840 WITHDRWL MBTA-PARK STREET BOSTON MA","40.00","debit","Cash & ATM","Hour Monet 7291","",""
"10/10/2012","Liberty Mutual","CHECKCARD 1008 THE LIBERTY HOTEL BOSTO BOSTON MA 24755422283152838226033","53.00","debit","Financial","Hour Monet 7291","",""
"10/10/2012","Sq Clover Fast","CHECKCARD 1009 SQ *CLOVER FAST FOOD, I Boston MA 24692162283000406420744","10.00","debit","Food & Dining","Hour Monet 7291","",""
"10/10/2012","Meadhall","CHECKCARD 1008 MEADHALL CAMBRIDGE MA 24224432284101041431493","18.00","debit","Alcohol & Bars","Hour Monet 7291","",""
"10/10/2012","Whole Foods","WHOLE FOODS MA 10/10 #000576959 PURCHASE 181 Cambridge Str Boston MA","10.86","debit","Groceries","Hour Monet 7291","",""
"10/09/2012","Subway","SUBWAY AIRPORT 10/06 #000008891 PURCHASE 37 LOGAN AIRPORT EAST BOSTON MA","18.00","debit","Fast Food","Hour Monet 7291","",""
"10/09/2012","Whole Foods","WHOLE FOODS MA 10/06 #000964149 PURCHASE 181 Cambridge Str Boston MA","66.55","debit","Groceries","Hour Monet 7291","",""
"10/09/2012","Life Alive Cambridge","CHECKCARD 1006 LIFE ALIVE CAMBRIDGE CAMBRIDGE MA 24733092281207599600113","19.15","debit","Restaurants","Hour Monet 7291","",""
"10/09/2012","GoGoAir","CHECKCARD 1007 GOGOAIR.COM 877-350-0038 IL 24692162281000683505136","8.05","debit","Air Travel","Hour Monet 7291","",""
"10/09/2012","Ryles","CHECKCARD 1007 Ryles CAMBRIDGE MA 24013392282000422950399","18.00","debit","Restaurants","Hour Monet 7291","",""
"10/09/2012","iTunes","CHECKCARD 1006 APL*APPLE ITUNES STORE 866-712-7753 CA...","4.99","debit","Music","Hour Monet 7291","",""
"10/09/2012","Check 131","Check 131","140.16","debit","Doctor","Hour Monet 7291","",""
"10/09/2012","Zipcar","CHECKCARD 1004 ZIPCAR INC 866-494-7227 MA 24231682279200943597142","4.00","debit","Rental Car & Taxi","Hour Monet 7291","",""
"10/09/2012","NAPA Auto","CHECKCARD 1006 NAPA FARMS MAR00002246 SAN FRANCISCOCA...","19.57","debit","Service & Parts","Hour Monet 7291","",""
"10/09/2012","L A Burdick","CHECKCARD 1006 L A BURDICK CHOCOLATE CAMBRIDGE MA 24071052281158192936806","10.70","debit","Restaurants","Hour Monet 7291","",""
"10/09/2012","Depasquale Homemade Pas","CHECKCARD 1006 DEPASQUALE HOMEMADE PAS BOSTON MA 24055222281207506600514","5.95","debit","Groceries","Hour Monet 7291","",""
"10/09/2012","Zipcar","CHECKCARD 1005 ZIPCAR INC 866-494-7227 MA 24231682280200891713136","48.12","debit","Rental Car & Taxi","Hour Monet 7291","",""
"10/09/2012","RadioShack","RADIO SHACK 10/08 #000269239 PURCHASE 100 CAMBRIDGESIDE CAMBRIDGE MA","6.36","debit","Electronics & Software","Hour Monet 7291","",""
"10/09/2012","Foto Shop","CHECKCARD 1005 FOTO SHOP BERKELEY CA 24493982280286100400067","10.91","debit","Service Fee","Hour Monet 7291","",""
"10/09/2012","Ryles","CHECKCARD 1007 Ryles CAMBRIDGE MA 24013392282000422949763","18.00","debit","Restaurants","Hour Monet 7291","",""
"10/09/2012","Subway","SUBWAY AIRPORT 10/06 #000008845 PURCHASE 37 LOGAN AIRPORT EAST BOSTON MA","18.00","debit","Fast Food","Hour Monet 7291","",""
"10/09/2012","Sears","NST SEARS ROEB 10/08 #000002457 PURCHASE 100 CAMBRIDGESIDE CAMBRIDGE MA","20.40","debit","Shopping","Hour Monet 7291","",""
"10/09/2012","Check 121","Check 121","48.64","debit","Groceries","Hour Monet 7291","",""
"10/09/2012","Cambridge Brewing","CHECKCARD 1007 CAMBRIDGE BREWING CO CAMBRIDGE MA 24492802282118000192552","14.50","debit","Alcohol & Bars","Hour Monet 7291","",""
"10/09/2012","H&M","CNS H & M 10/08 #000120472 PURCHASE 100 CAMBRIDGESIDE CAMBRIDGE MA","59.90","debit","Clothing","Hour Monet 7291","",""
"10/09/2012","Bayporter Express Ca","CHECKCARD 1004 BAYPORTER EXPRESS 415-4671800 CA 24639232279900018100050","49.00","debit","Rental Car & Taxi","Hour Monet 7291","",""
"10/04/2012","Clipper Service Ca","CHECKCARD 1002 CLIPPER SERVICE 877-878-8883 CA...","20.00","debit","Public Transportation","Hour Monet 7291","",""
"10/04/2012","Uc Berkeley Des","UC Berkeley DES:DIRECT PAY ID:ST23256150 INDN:0000SAVAGE,VALKYRIE AR CO...","2500.00","credit","Paycheck","Hour Monet 7291","",""
"10/04/2012","Safeway","SAFEWAY STORE 10/04 #000047035 PURCHASE 1444 SHATTUCK PLA BERKELEY CA","65.04","debit","Groceries","Hour Monet 7291","",""
"10/04/2012","Angela Savage Bill","Angela Savage Bill Payment","150.00","debit","Bills & Utilities","Hour Monet 7291","",""
"10/04/2012","Clipper Service Ca","CHECKCARD 1002 CLIPPER SERVICE 877-878-8883 CA...","20.00","debit","Public Transportation","Hour Monet 7291","",""
"10/03/2012","Walgreens","WALGREENS 10/03 #000571040 PURCHASE 2190 SHATTUCK AVE BERKELEY CA","11.95","debit","Pharmacy","Hour Monet 7291","",""
"10/03/2012","Ucb Rec Sports","CHECKCARD 1002 UCB REC SPORTS - SCRA BERKELEY CA 24391212277200753601004","140.00","debit","Gym","Hour Monet 7291","",""
"10/02/2012","Caf Patachou","CHECKCARD 0930 CAF PATACHOU 20268918 INDIANAPOLIS IN...","27.00","debit","Restaurants","Hour Monet 7291","",""
"10/02/2012","Dara Cuisine","CHECKCARD 0930 DARA CUISINE BERKELEY CA 24789302275275709689106","30.50","debit","Restaurants","Hour Monet 7291","",""
"10/01/2012","Fuddruckers","CHECKCARD 0929 FUDDRUCKERS DULLES VA 24210732274206288000082","17.81","debit","Restaurants","Hour Monet 7291","",""
"10/01/2012","Toyo Japanese Restauran","CHECKCARD 0930 TOYO JAPANESE RESTAURAN BERKELEY CA 24755422275132751357668","49.00","debit","Restaurants","Hour Monet 7291","",""
"10/01/2012","Pho Bar","CHECKCARD 0927 THE PHO BAR BERKELEY CA 24765012272200288400085","10.79","debit","Alcohol & Bars","Hour Monet 7291","",""
"10/01/2012","Clipper Service Ca","CHECKCARD 0927 CLIPPER SERVICE 877-878-8883 CA...","20.00","debit","Public Transportation","Hour Monet 7291","",""
"10/01/2012","Scottys Burger Joint","CHECKCARD 0929 SCOTTYS BURGER JOINT COLUMBUS IN 24072802274286699801326","42.00","debit","Fast Food","Hour Monet 7291","",""
"10/01/2012","Wal-Mart","WAL Wal-Mart S 09/29 #000867200 PURCHASE 3435 WAL-SAMS GREENWOOD IN","40.29","debit","Shopping","Hour Monet 7291","",""
"10/01/2012","Berkeley Bowl 2020 Oregon Street","BERKELEY BOWL 10/01 #000829800 PURCHASE 2020 OREGON ST. BERKELEY CA","37.85","debit","Groceries","Hour Monet 7291","",""
"10/01/2012","Yalis Cafe","CHECKCARD 0927 YALIS CAFE BERKELEY CA 24692162272000019545237","3.75","debit","Restaurants","Hour Monet 7291","",""
"10/01/2012","Light Source Cnp","CHECKCARD 0928 LIGHT SOURCE CNP 415-621-1448 CA...","14.95","debit","Gift","Hour Monet 7291","",""
"9/29/2012","Paid Storage","GOOGLE *PAID STORAGE GOOGLE.COM/CHCA","5.00","debit","Cooking Classes","BankAmericard Cash Rewards Signature Visa","",""
"9/28/2012","Facebook Des Direct","FACEBOOK INC DES:DIRECT DEP ID:612023773792KYC INDN:STRATFORD,EVAN...","2895.19","credit","Paycheck","my account 0020","",""
"9/28/2012","Light Source Ca","CHECKCARD 0926 LIGHT SOURCE 415-621-1448 CA 24692162271000787747875","332.01","debit","Gift","Hour Monet 7291","",""
"9/28/2012","Bkofamerica ATM Deposit","BKOFAMERICA ATM 09/28 #000008379 DEPOSIT 4TH & KING - CAL SAN FRANCISCO CA","1642.85","credit","Income","Hour Monet 7291","",""
"9/28/2012","Onsite Haircuts Llc","CHECKCARD 0927 ONSITE HAIRCUTS LLC SANTA CLARA CA 24755422271172716981370","24.00","debit","Hair","Hour Monet 7291","",""
"9/28/2012","ATM Withdrawal","BKOFAMERICA ATM 09/28 #000008380 WITHDRWL 4TH & KING - CAL SAN...","40.00","debit","Cash & ATM","Hour Monet 7291","",""
"9/27/2012","Transfer from my account 0020","ONLINE PAYMENT FROM CHK 0","252.74","credit","Credit Card Payment","BankAmericard Cash Rewards Signature Visa","",""
"9/27/2012","Transfer to Hour Monet 7291","Online Banking transfer to CHK 7291 Confirmation# 0673050923","10419.48","debit","Transfer","my account 0020","",""
"9/27/2012","Transfer to BankAmericard Cash Rewards Signature Visa","Online Banking payment to CRD 0264 Confirmation# 2573048951","252.74","debit","Credit Card Payment","my account 0020","",""
"9/27/2012","Ucb E Des","UCB E-PAYMENT DES:5106423190 ID:245839514 INDN:VALKYRIE SAVAGE CO...","70.50","debit","Credit Card Payment","Hour Monet 7291","",""
"9/27/2012","PayPal","PAYPAL DES:ECHECK ID:5ST226A6JP3YU INDN:VALKYRIE SAVAGE CO ID:PAYPALEC77...","1350.00","debit","Shopping","Hour Monet 7291","",""
"9/27/2012","Transfer from my account 0020","Online Banking transfer from CHK 0020 Confirmation# 0673050923","10419.48","credit","Transfer","Hour Monet 7291","",""
"9/26/2012","ATM Withdrawal","BKOFAMERICA ATM 09/26 #000005530 WITHDRWL 24TH & BRYANT SAN FRANCISCO...","20.00","debit","Cash & ATM","Hour Monet 7291","",""
"9/26/2012","Clipper Service Ca","CHECKCARD 0924 CLIPPER SERVICE 877-878-8883 CA...","20.00","debit","Public Transportation","Hour Monet 7291","",""
"9/26/2012","Angela Savage Bill","Angela Savage Bill Payment","30.00","debit","Bills & Utilities","Hour Monet 7291","",""
"9/26/2012","Crunch Berkeley","CHECKCARD 0924 CRUNCH BERKELEY BERKELEY CA 24765182269980000648733","23.00","debit","Restaurants","Hour Monet 7291","",""
"9/26/2012","Clipper Service Ca","CHECKCARD 0924 CLIPPER SERVICE 877-878-8883 CA...","20.00","debit","Public Transportation","Hour Monet 7291","",""
"9/25/2012","Interest Charged Dir","Interest Charged on Dir Dep&Chk CashAdv C_BANKCHARGES","0.00","credit","Interest Income","BankAmericard Cash Rewards Signature Visa","",""
"9/25/2012","Moo Printing Www","MOO INC PRINTING WWW.MOO.COM RI","69.74","debit","Printing","BankAmericard Cash Rewards Signature Visa","",""
"9/25/2012","Interest Charged Bank","Interest Charged on Bank Cash Advances C_BANKCHARGES","0.00","credit","Interest Income","BankAmericard Cash Rewards Signature Visa","",""
"9/25/2012","Interest Charged Purchases","Interest Charged on Purchases C_BANKCHARGES","0.00","credit","Interest Income","BankAmericard Cash Rewards Signature Visa","",""
"9/25/2012","Interest Charged Balance","Interest Charged on Balance Transfers C_BANKCHARGES","0.00","credit","Interest Income","BankAmericard Cash Rewards Signature Visa","",""
"9/25/2012","Verizon Wireless","CHECKCARD 0924 VZWRLSS*ETMWPN0W233601 800-922-0204 NJ...","194.41","debit","Mobile Phone","Hour Monet 7291","",""
"9/24/2012","Berkeley Bowl 2020 Oregon Street","BERKELEY BOWL 09/24 #000439000 PURCHASE 2020 OREGON ST. BERKELEY CA","18.65","debit","Groceries","Hour Monet 7291","",""
"9/24/2012","Progressive","CHECKCARD 0920 PROGRESSIVE GROUNDS 2 SAN FRANCISCOCA 24323002265123969010095","19.00","debit","Auto Insurance","Hour Monet 7291","",""
"9/24/2012","Minako Organic Japanese","CHECKCARD 0922 MINAKO ORGANIC JAPANESE SAN FRANCISCOCA...","80.00","debit","Restaurants","Hour Monet 7291","",""
"9/24/2012","Zipcar","CHECKCARD 0920 ZIPCAR INC 866-494-7227 MA 24231682265200538853245","50.05","debit","Rental Car & Taxi","Hour Monet 7291","",""
"9/24/2012","Monterey Marke 1550 Hopkins Street","MONTEREY MARKE 09/23 #000008535 PURCHASE 1550 HOPKINS STRE BERKELEY CA","17.36","debit","Groceries","Hour Monet 7291","",""
"9/24/2012","Northside Cafe","CHECKCARD 0921 NORTHSIDE CAFE BERKELEY CA 24275392265900013700422","19.00","debit","Restaurants","Hour Monet 7291","",""
"9/21/2012","Transfer from Hour Monet 7291","Online scheduled transfer from CHK 7291 Confirmation# 4323144992","2100.00","credit","Transfer","my account 0020","",""
"9/21/2012","ATM Withdrawal","BKOFAMERICA ATM 09/21 #000009080 WITHDRWL SHATTUCK-VINE BERKELEY CA","40.00","debit","Cash & ATM","Hour Monet 7291","",""
"9/21/2012","Ajanta Restaurant","CHECKCARD 0919 AJANTA RESTAURANT BERKELEY CA 24122472264900016000180","41.50","debit","Restaurants","Hour Monet 7291","",""
"9/21/2012","Andronico's","CNS ANDRONICOS 09/21 #000065549 PURCHASE 1550 SHATTUCK AVE BERKELEY CA","49.55","debit","Groceries","Hour Monet 7291","",""
"9/21/2012","Transfer to my account 0020","Online scheduled transfer to CHK 0020 Confirmation# 4323144992","2100.00","debit","Transfer","Hour Monet 7291","",""
"9/20/2012","Interest Charged Bank","Interest Charged on Bank Cash Advances C_BANKCHARGES","0.00","credit","Interest Income","Indiana University Alumni Association Inc. MasterCard","",""
"9/20/2012","Interest Charged Purchases","Interest Charged on Purchases C_BANKCHARGES","0.00","credit","Interest Income","Indiana University Alumni Association Inc. MasterCard","",""
"9/20/2012","Interest Charged Dir","Interest Charged on Dir Dep&Chk CashAdv C_BANKCHARGES","0.00","credit","Interest Income","Indiana University Alumni Association Inc. MasterCard","",""
"9/20/2012","Interest Charged Balance","Interest Charged on Balance Transfers C_BANKCHARGES","0.00","credit","Interest Income","Indiana University Alumni Association Inc. MasterCard","",""
"9/20/2012","Whole Foods","WHOLE FOODS MA 09/20 #000848726 PURCHASE 690 Stanyan San Francisco CA","40.00","debit","Groceries","Hour Monet 7291","",""
"9/19/2012","Ndu Moniker Com","CHECKCARD 0918 NDU*MONIKER.COM 866-6906279 OR 24351782262525351443541","29.95","debit","Web Hosting","Hour Monet 7291","",""
"9/19/2012","California Academy Ca","CHECKCARD 0918 CALIFORNIA ACADEMY OF 415-379-8000 CA...","24.00","debit","Uncategorized","Hour Monet 7291","",""
"9/19/2012","ATM Withdrawal","BKOFAMERICA ATM 09/19 #000006577 WITHDRWL BAY STREET EMERY EMERYVILLE...","80.00","debit","Cash & ATM","Hour Monet 7291","",""
"9/19/2012","Clipper Service Ca","CHECKCARD 0917 CLIPPER SERVICE 877-878-8883 CA...","20.00","debit","Public Transportation","Hour Monet 7291","",""
"9/19/2012","Bongo Burger","CHECKCARD 0917 BONGO BURGER #2 BERKELEY CA 24071052262987183821079","11.42","debit","Fast Food","Hour Monet 7291","",""
"9/19/2012","Check 117","Check 117","90.00","debit","Check","Hour Monet 7291","",""
"9/18/2012","Shell","SHELL Service 09/18 #000631600 PURCHASE SHELL SAN FRANCISCO CA","7.36","debit","Gas & Fuel","Hour Monet 7291","",""
"9/18/2012","Walgreens","WALGREENS 09/18 #000101043 PURCHASE 2690 MISSION ST SAN FRANCISCO CA","30.84","debit","Pharmacy","Hour Monet 7291","",""
"9/17/2012","San Franciscoca","76 10068468 SAN FRANCISCOCA","4.01","debit","Gas & Fuel","BankAmericard Cash Rewards Signature Visa","",""
"9/17/2012","Shell","SHELL Service 09/15 #000640100 PURCHASE SHELL SAN BRUNO CA","4.05","debit","Gas & Fuel","Hour Monet 7291","",""
"9/17/2012","Serv U Market","CHECKCARD 0915 SERV U MARKET SAN FRANCISCOCA 24472682260952310789095","13.34","debit","Groceries","Hour Monet 7291","",""
"9/17/2012","Garden Fresh","CHECKCARD 0915 GARDEN FRESH #2 PALO ALTO CA 24497782260900010900214","36.00","debit","Restaurants","Hour Monet 7291","",""
"9/17/2012","Ticketmaster","CHECKCARD 0916 TM *A BRIDGE SCHOOL BE 415-421-8497 CA...","135.00","debit","Entertainment","Hour Monet 7291","",""
"9/17/2012","Casa Lucas 2934 24th Street","CASA LUCAS 09/17 #000358900 PURCHASE 2934 24TH STREET SAN FRANCISCO CA","11.38","debit","Groceries","Hour Monet 7291","",""
"9/17/2012","Minako Organic Japanese","CHECKCARD 0917 MINAKO ORGANIC JAPANESE SAN FRANCISCOCA...","36.00","debit","Restaurants","Hour Monet 7291","",""
"9/17/2012","Clipper Service Ca","CHECKCARD 0913 CLIPPER SERVICE 877-878-8883 CA...","20.00","debit","Public Transportation","Hour Monet 7291","",""
"9/14/2012","Facebook Des Direct","FACEBOOK INC DES:DIRECT DEP ID:616038438502KYC INDN:STRATFORD,EVAN...","2895.18","credit","Paycheck","my account 0020","",""
"9/14/2012","Facebook Des Direct","FACEBOOK INC DES:DIRECT DEP ID:616038438501KYC INDN:STRATFORD,EVAN...","2635.75","credit","Paycheck","my account 0020","",""
"9/14/2012","Wf Studentinsurance Ca","CHECKCARD 0913 WF STUDENTINSURANCE 800-853-5899 CA...","1803.66","debit","Health Insurance","Hour Monet 7291","",""
"9/13/2012","Il Pirata San","CHECKCARD 0911 IL PIRATA SAN FRANCISCOCA 24431062256286342800294","37.00","debit","Restaurants","Hour Monet 7291","",""
"9/12/2012","Clipper Service Ca","CHECKCARD 0910 CLIPPER SERVICE 877-878-8883 CA...","20.00","debit","Public Transportation","Hour Monet 7291","",""
"9/12/2012","Clipper Service Ca","CHECKCARD 0910 CLIPPER SERVICE 877-878-8883 CA...","20.00","debit","Public Transportation","Hour Monet 7291","",""
"9/12/2012","AT&T","CHECKCARD 0908 AT&T PARK CONCESS SAN FRANCISCOCA 24013392255000612908234","7.50","debit","Home Phone","Hour Monet 7291","",""
"9/12/2012","AT&T","CHECKCARD 0908 AT&T PARK MERCH SAN FRANCISCOCA 24013392255000599265400","10.00","debit","Home Phone","Hour Monet 7291","",""
"9/11/2012","Check 116","Check 116","18.00","debit","Check","Hour Monet 7291","",""
"9/10/2012","Safeway","SAFEWAY STORE 09/08 #000947008 PURCHASE 2300 16TH STREET SAN FRANCISCO CA","40.59","debit","Groceries","Hour Monet 7291","",""
"9/10/2012","El Metate","CHECKCARD 0909 EL METATE SAN FRANCISCOCA 24692162253000617651851","16.25","debit","Restaurants","Hour Monet 7291","",""
"9/10/2012","Walgreens","WALGREENS 09/10 #000166014 PURCHASE 2690 MISSION ST SAN FRANCISCO CA","46.18","debit","Pharmacy","Hour Monet 7291","",""
"9/10/2012","Asi Kickstarter Com","CHECKCARD 0910 ASI*KICKSTARTER COM 866-749-7545 WA...","28.00","debit","Gift","Hour Monet 7291","",""
"9/10/2012","Uc Berkeley Des","UC Berkeley DES:DIRECT PAY ID:ST23256150 INDN:0000SAVAGE,VALKYRIE AR CO...","79.00","credit","Paycheck","Hour Monet 7291","",""
"9/10/2012","Yalis Cafe","CHECKCARD 0907 YALIS CAFE BERKELEY CA 24692162252000341071666","6.88","debit","Restaurants","Hour Monet 7291","",""
"9/10/2012","Whole Foods","WHOLE FOODS MA 09/09 #000015489 PURCHASE 450 Rhode Island San Francisco CA","41.66","debit","Groceries","Hour Monet 7291","",""
"9/10/2012","Fastrak","CHECKCARD 0906 FASTRAK CSC 877-2298655 CA 24492792251118000129430","25.00","debit","Auto & Transport","Hour Monet 7291","",""
"9/10/2012","ATM Withdrawal","BKOFAMERICA ATM 09/07 #000004654 WITHDRWL BERKELEY MAIN BERKELEY CA","640.00","debit","Cash & ATM","Hour Monet 7291","",""
"9/10/2012","Jupiter Cafe Panini","CHECKCARD 0908 JUPITER/CAFE PANINI BERKELEY CA 24071052253158106634228","12.25","debit","Restaurants","Hour Monet 7291","",""
"9/10/2012","Original Gravity Public","CHECKCARD 0908 ORIGINAL GRAVITY PUBLIC SAN JOSE CA 24690292253700226411269","22.00","debit","Alcohol & Bars","Hour Monet 7291","",""
"9/10/2012","ATM Withdrawal","BKOFAMERICA ATM 09/08 #000008075 WITHDRWL MISSION 23RD SAN FRANCISCO CA","40.00","debit","Cash & ATM","Hour Monet 7291","",""
"9/10/2012","Clipper Service Ca","CHECKCARD 0907 CLIPPER SERVICE 877-878-8883 CA...","20.00","debit","Public Transportation","Hour Monet 7291","",""
"9/10/2012","Walgreens","CHECKCARD 0907 WALGREENS #15025 BERKELEY CA 24445002252100246828166","13.91","debit","Pharmacy","Hour Monet 7291","",""
"9/07/2012","Tickets Sf Giants","TICKETS SF GIANTS 800-3520212 CA","176.00","debit","Entertainment","BankAmericard Cash Rewards Signature Visa","",""
"9/07/2012","Amazon Video","AMAZON VIDEO ON DEMAND 866-216-1072 WA","2.99","debit","Movies & DVDs","BankAmericard Cash Rewards Signature Visa","",""
"9/07/2012","Sundance Kab Ca","CHECKCARD 0906 SUNDANCE KAB 818-889-8562 CA 24692162250000807645575","26.00","debit","Movies & DVDs","Hour Monet 7291","",""
"9/07/2012","Uc Berkeley Des","UC Berkeley DES:DIRECT PAY ID:ST23256150 INDN:0000SAVAGE,VALKYRIE AR CO...","12000.00","credit","Paycheck","Hour Monet 7291","",""
"9/07/2012","Clipper Service Ca","CHECKCARD 0905 CLIPPER SERVICE 877-878-8883 CA...","20.00","debit","Public Transportation","Hour Monet 7291","",""
"9/06/2012","Transfer from my account 0020","ONLINE PAYMENT FROM CHK 0","1894.97","credit","Credit Card Payment","BankAmericard Cash Rewards Signature Visa","",""
"9/06/2012","Transfer to BankAmericard Cash Rewards Signature Visa","Online Banking payment to CRD 0264 Confirmation# 0295855400","1894.97","debit","Credit Card Payment","my account 0020","",""
"9/06/2012","Uc Berkeley Des","UC Berkeley DES:DIRECT PAY ID:ST23256150 INDN:0000SAVAGE,VALKYRIE AR CO...","85.52","credit","Paycheck","Hour Monet 7291","",""
"9/06/2012","Cafe La Boheme","CHECKCARD 0904 CAFE LA BOHEME SAN FRANCISCOCA 24323042249577876010323","5.35","debit","Restaurants","Hour Monet 7291","",""
"9/06/2012","Acm Sig Conferences","CHECKCARD 0905 ACM SIG CONFERENCES 212-8697440 NY 24436542250004072780186","455.00","debit","Conferences","Hour Monet 7291","Reimbursable",""
"9/06/2012","Berkeley Bowl 2020 Oregon Street","BERKELEY BOWL 09/06 #000171700 PURCHASE 2020 OREGON ST. BERKELEY CA","54.67","debit","Groceries","Hour Monet 7291","",""
"9/06/2012","Nefili Caffe Berkeely","CHECKCARD 0905 NEFILI CAFFE BERKEELY CA 24431062249286398300280","10.30","debit","Coffee Shops","Hour Monet 7291","",""
"9/05/2012","Southern Pacific B","CHECKCARD 0904 SOUTHERN PACIFIC B SAN FRANCISCOCA 24224432249105000802333","45.00","debit","Alcohol & Bars","Hour Monet 7291","",""
"9/04/2012","Shell","SHELL OIL 57425677804 CLOVERDALE CA","50.21","debit","Gas & Fuel","BankAmericard Cash Rewards Signature Visa","",""
"9/04/2012","Rays Food Place","RAYS FOOD PLACE 38 EUREKA CA","37.13","debit","Food & Dining","BankAmericard Cash Rewards Signature Visa","",""
"9/04/2012","Green Leafs Banana","CHECKCARD 0903 GREEN LEAFS & BANANA - INDIANAPOLIS IN...","5.44","debit","Restaurants","Hour Monet 7291","",""
"9/04/2012","Clipper Service Ca","CHECKCARD 0830 CLIPPER SERVICE 877-878-8883 CA...","20.00","debit","Public Transportation","Hour Monet 7291","",""
"9/04/2012","Cost Plus World Market","CHECKCARD 0831 CAT CORA WORLD MARKET SALT LAKE CITUT...","14.44","debit","Furnishings","Hour Monet 7291","",""
"9/04/2012","El Metate","CHECKCARD 0831 EL METATE SAN FRANCISCOCA 24692162245000293215212","8.25","debit","Restaurants","Hour Monet 7291","",""
"9/04/2012","Sy Cycle Gear 150 Harrison Street","SY8 CYCLE GEAR 09/03 #000044219 PURCHASE 150 HARRISON STRE SAN FRANCISCO CA","54.24","debit","Cycling","Hour Monet 7291","",""
"9/04/2012","Safeway","SAFEWAY STORE 09/03 #000945177 PURCHASE 2300 16TH STREET SAN FRANCISCO CA","44.58","debit","Groceries","Hour Monet 7291","",""
"9/04/2012","Bkofamerica ATM Deposit","BKOFAMERICA ATM 09/04 #000002198 DEPOSIT BERKELEY MAIN BERKELEY CA","1881.92","credit","Income","Hour Monet 7291","",""
"9/04/2012","Babes Hot Dog","CHECKCARD 0902 BABES HOT DOG JOLIET IL 24019512247247350483908","20.13","debit","Restaurants","Hour Monet 7291","",""
"9/04/2012","Safeway","SAFEWAY STORE 09/01 #000871112 PURCHASE 475 M STREET CRESCENT CITY CA","10.68","debit","Groceries","Hour Monet 7291","",""
"9/04/2012","Lost Coast Brewery","CHECKCARD 0902 LOST COAST BREWERY EUREKA CA 24013392247000169119756","45.00","debit","Alcohol & Bars","Hour Monet 7291","",""
"8/31/2012","Facebook Des Direct","FACEBOOK INC DES:DIRECT DEP ID:610023245545KYC INDN:STRATFORD,EVAN...","2841.26","credit","Paycheck","my account 0020","",""
"8/31/2012","Delta","CHECKCARD 0830 DELTA AIR 00623127204 DELTA.COM CA 24717052244872440172644","661.20","debit","Air Travel","Hour Monet 7291","",""
"8/31/2012","Pho Bar","CHECKCARD 0829 THE PHO BAR BERKELEY CA 24765012243200288400073","13.00","debit","Alcohol & Bars","Hour Monet 7291","",""
"8/31/2012","Check 115","Check 115","75.00","debit","Check","Hour Monet 7291","",""
"8/31/2012","USPS","USPS 056824004 08/31 #000001323 PURCHASE 1198 S VAN NESS A SAN FRANCISCO CA","5.06","debit","Shipping","Hour Monet 7291","",""
"8/30/2012","US Airways","CHECKCARD 0828 USAIRWAYS 03770938188 MANKATO MN 24792622242246900487844","467.40","debit","Air Travel","Hour Monet 7291","",""
"8/30/2012","Arco","ARCO PAYPOINT 08/30 #000920100 PURCHASE 504 WHIPPLE AVE REDWOOD CITY CA","4.35","debit","Gas & Fuel","Hour Monet 7291","",""
"8/30/2012","US Airways","CHECKCARD 0828 USAIRWAYS 03770938188 MANKATO MN 24792622242246900487836","467.40","debit","Air Travel","Hour Monet 7291","",""
"8/29/2012","Air Canada","AIR CANADA 0147093815 MANKATO MN","721.83","debit","Air Travel","BankAmericard Cash Rewards Signature Visa","",""
"8/29/2012","Air Canada","AIR CANADA 0147093815 MANKATO MN","721.83","debit","Air Travel","BankAmericard Cash Rewards Signature Visa","",""
"8/29/2012","Orbitz","CHECKCARD 0828 OWW*ORBITZ.COM 888-656-4546 IL...","13.98","debit","Air Travel","Hour Monet 7291","",""
"8/29/2012","Safeway","SAFEWAY STORE 08/29 #000933161 PURCHASE 2300 16TH STREET SAN FRANCISCO CA","60.28","debit","Groceries","Hour Monet 7291","",""
"8/29/2012","ATM Withdrawal","BKOFAMERICA ATM 08/29 #000002862 WITHDRWL 24TH & BRYANT SAN FRANCISCO...","20.00","debit","Cash & ATM","Hour Monet 7291","",""
"8/29/2012","Bkofamerica ATM Deposit","BKOFAMERICA ATM 08/29 #000002861 DEPOSIT 24TH & BRYANT SAN FRANCISCO CA","2455.00","credit","Income","Hour Monet 7291","",""
"8/29/2012","Uc Berkeley Des","UC Berkeley DES:DIRECT PAY ID:E012451165 INDN:0000SAVAGE,VALKYRIE A CO...","258.09","credit","Paycheck","Hour Monet 7291","",""
"8/29/2012","Clipper Service Ca","CHECKCARD 0827 CLIPPER SERVICE 877-878-8883 CA...","20.00","debit","Public Transportation","Hour Monet 7291","",""
"8/29/2012","Interest Earned","Interest Earned","0.02","credit","Interest Income","Savings 1467","",""
"8/27/2012","Cycle Gear","CYCLE GEAR #40 SAN FRANCISCOCA","151.89","debit","Cycling","BankAmericard Cash Rewards Signature Visa","",""
"8/27/2012","Walgreens","WALGREENS 08/27 #000101024 PURCHASE 2690 MISSION ST SAN FRANCISCO CA","13.00","debit","Pharmacy","Hour Monet 7291","",""
"8/27/2012","Kitchen Fire Llc","CHECKCARD 0826 KITCHEN ON FIRE LLC 510-548-2665 CA...","150.00","debit","Uncategorized","Hour Monet 7291","",""
"8/27/2012","Ucb E Des","UCB E-PAYMENT DES:5106423190 ID:242160415 INDN:VALKYRIE SAVAGE CO...","70.50","debit","Credit Card Payment","Hour Monet 7291","",""
"8/27/2012","Apple","CHECKCARD 0825 APPLE STORE #R029 BURLINGAME CA 24692162240000789121028","85.52","debit","Electronics & Software","Hour Monet 7291","",""
"8/27/2012","Safeway","SAFEWAY STORE 08/25 #000915105 PURCHASE 1655 EL CAMINO RE SAN MATEO CA","47.91","debit","Groceries","Hour Monet 7291","",""
"8/27/2012","Chevron","CHECKCARD 0826 CHEVRON 000935 SAN FRANCISCOCA 06561940460322391206550","4.75","debit","Gas & Fuel","Hour Monet 7291","",""
"8/27/2012","Airbnb Ca","CHECKCARD 0824 AIRBNB INC 415-800-5959 CA 24692162237000165827003","2137.00","debit","Mortgage & Rent","Hour Monet 7291","",""
"8/27/2012","Lung Shan Restaurant","CHECKCARD 0826 LUNG SHAN RESTAURANT SAN FRANCISCOCA 24493982240200922701478","45.60","debit","Restaurants","Hour Monet 7291","",""
"8/27/2012","Vespa Sf","CHECKCARD 0823 VESPA SF SAN FRANCISCOCA 24071052237158134667324","24.89","debit","Service & Parts","Hour Monet 7291","",""
"8/25/2012","Interest Charged Dir","Interest Charged on Dir Dep&Chk CashAdv C_BANKCHARGES","0.00","credit","Interest Income","BankAmericard Cash Rewards Signature Visa","",""
"8/25/2012","Cars Dawydiak","CARS DAWYDIAK INC.","169.95","debit","Service & Parts","BankAmericard Cash Rewards Signature Visa","",""
"8/25/2012","Interest Charged Purchases","Interest Charged on Purchases C_BANKCHARGES","0.00","credit","Interest Income","BankAmericard Cash Rewards Signature Visa","",""
"8/25/2012","Interest Charged Balance","Interest Charged on Balance Transfers C_BANKCHARGES","0.00","credit","Interest Income","BankAmericard Cash Rewards Signature Visa","",""
"8/25/2012","Interest Charged Bank","Interest Charged on Bank Cash Advances C_BANKCHARGES","0.00","credit","Interest Income","BankAmericard Cash Rewards Signature Visa","",""
"8/24/2012","Silverstone Cafe","CHECKCARD 0823 SILVERSTONE CAFE SAN FRANCISCOCA 24431062237207276500134","4.00","debit","Restaurants","Hour Monet 7291","",""
"8/24/2012","Clipper Service Ca","CHECKCARD 0822 CLIPPER SERVICE 877-878-8883 CA...","20.00","debit","Public Transportation","Hour Monet 7291","",""
"8/24/2012","Panera Bread","CHECKCARD 0822 PANERA BREAD #4517 SAN FRANCISCOCA 24427332236710019545088","2.79","debit","Fast Food","Hour Monet 7291","",""
"8/24/2012","Clipper Service Ca","CHECKCARD 0822 CLIPPER SERVICE 877-878-8883 CA...","20.00","debit","Public Transportation","Hour Monet 7291","",""
"8/24/2012","Angela Savage Bill","Angela Savage Bill Payment","30.00","debit","Bills & Utilities","Hour Monet 7291","",""
"8/23/2012","Transfer from Hour Monet 7291","Online scheduled transfer from CHK 7291 Confirmation# 4672156275","2100.00","credit","Transfer","my account 0020","",""
"8/23/2012","PayPal","PAYPAL DES:INST XFER ID:4S82266SRLNJY INDN:EVAN STRATFORD CO ID:PAYPALSI66...","5.00","debit","Shopping","my account 0020","",""
"8/23/2012","ATM Withdrawal","BKOFAMERICA ATM 08/23 #000004651 WITHDRWL MISSION 23RD SAN FRANCISCO CA","80.00","debit","Cash & ATM","Hour Monet 7291","",""
"8/23/2012","Pho Bar","CHECKCARD 0821 THE PHO BAR BERKELEY CA 24765012235200288400305","16.00","debit","Alcohol & Bars","Hour Monet 7291","",""
"8/23/2012","Transfer to my account 0020","Online scheduled transfer to CHK 0020 Confirmation# 4672156275","2100.00","debit","Transfer","Hour Monet 7291","",""
"8/23/2012","Safeway","SAFEWAY STORE 08/23 #000137117 PURCHASE 2300 16TH STREET SAN FRANCISCO CA","21.85","debit","Groceries","Hour Monet 7291","",""
"8/22/2012","Fedexoffice","FEDEXOFFICE 00040964 SAN FRANCISCOCA","1.43","debit","Shipping","BankAmericard Cash Rewards Signature Visa","",""
"8/22/2012","Transfer from Hour Monet 7291","PAYMENT","168.11","credit","Credit Card Payment","Indiana University Alumni Association Inc. MasterCard","",""
"8/22/2012","Flax Art","FLAX ART & DES 08/22 #000660137 PURCHASE 1699 MARKET STREE SAN FRANCISCO CA","27.02","debit","Furnishings","Hour Monet 7291","",""
"8/22/2012","Pho Bar","CHECKCARD 0820 THE PHO BAR BERKELEY CA 24765012234200288400140","12.96","debit","Alcohol & Bars","Hour Monet 7291","",""
"8/22/2012","Rainbow Grocer 1745 Folsom Street","RAINBOW GROCER 08/22 #000420503 PURCHASE 1745 FOLSOM STREE SAN FRANCISCO CA","35.04","debit","Groceries","Hour Monet 7291","",""
"8/22/2012","Transfer to Indiana University Alumni Association Inc. Master?","Bank Of America Bill Payment","168.11","debit","Credit Card Payment","Hour Monet 7291","",""
"8/22/2012","Casa Lucas 2934 24th Street","CASA LUCAS 08/22 #000865100 PURCHASE 2934 24TH STREET SAN FRANCISCO CA","22.22","debit","Groceries","Hour Monet 7291","",""
"8/22/2012","El Metate","CHECKCARD 0821 EL METATE SAN FRANCISCOCA 24692162234000168740032","12.00","debit","Restaurants","Hour Monet 7291","",""
"8/21/2012","Taxi Cab Service","TAXI CAB SERVICE LONG ISLAND CNY","40.70","debit","Rental Car & Taxi","BankAmericard Cash Rewards Signature Visa","",""
"8/21/2012","Interest Charged Purchases","Interest Charged on Purchases C_BANKCHARGES","0.00","credit","Interest Income","Indiana University Alumni Association Inc. MasterCard","",""
"8/21/2012","Interest Charged Bank","Interest Charged on Bank Cash Advances C_BANKCHARGES","0.00","credit","Interest Income","Indiana University Alumni Association Inc. MasterCard","",""
"8/21/2012","Interest Charged Balance","Interest Charged on Balance Transfers C_BANKCHARGES","0.00","credit","Interest Income","Indiana University Alumni Association Inc. MasterCard","",""
"8/21/2012","Interest Charged Dir","Interest Charged on Dir Dep&Chk CashAdv C_BANKCHARGES","0.00","credit","Interest Income","Indiana University Alumni Association Inc. MasterCard","",""
"8/21/2012","Il Pirata San","CHECKCARD 0819 IL PIRATA SAN FRANCISCOCA 24431062233286342500090","12.00","debit","Restaurants","Hour Monet 7291","",""
"8/21/2012","Villa Pizza","CHECKCARD 0819 VILLA PIZZA OF21053244 HOUSTON TX 24164072233023240054595","16.76","debit","Restaurants","Hour Monet 7291","",""
"8/21/2012","USPS","USPS 050642006 08/21 #000005437 PURCHASE 2515 DURANT AVE BERKELEY CA","11.49","debit","Shipping","Hour Monet 7291","",""
"8/21/2012","Casa Lucas 2934 24th Street","CASA LUCAS 08/21 #000334300 PURCHASE 2934 24TH STREET SAN FRANCISCO CA","25.37","debit","Groceries","Hour Monet 7291","",""
"8/20/2012","Transfer from my account 0020","ONLINE PAYMENT FROM CHK 0","244.62","credit","Credit Card Payment","BankAmericard Cash Rewards Signature Visa","",""
"8/20/2012","Transfer to BankAmericard Cash Rewards Signature Visa","Online Banking payment to CRD 0264 Confirmation# 2547043576","244.62","debit","Credit Card Payment","my account 0020","",""
"8/20/2012","Transfer to Hour Monet 7291","Online Banking transfer to CHK 7291 Confirmation# 0647045828","2596.64","debit","Transfer","my account 0020","",""
"8/20/2012","Whole Foods","WHOLE FOODS MA 08/19 #000965623 PURCHASE 450 Rhode Island San Francisco CA","46.50","debit","Groceries","Hour Monet 7291","",""
"8/20/2012","Transfer from my account 0020","Online Banking transfer from CHK 0020 Confirmation# 0647045828","2596.64","credit","Transfer","Hour Monet 7291","",""
"8/20/2012","Winn-Dixie","WINN-DIXIE # 08/18 #000361678 PURCHASE 251 KEY DEER BLVD BIG PINE KEY FL","43.47","debit","Groceries","Hour Monet 7291","",""
"8/20/2012","Yogen Fruz","CHECKCARD 0820 YOGEN FRUZ - IAH HOUSTON TX 24231682233091153000140","5.36","debit","Fast Food","Hour Monet 7291","",""
"8/20/2012","Porch","CHECKCARD 0818 THE PORCH KEY WEST FL 24431062232200588300215","12.00","debit","Alcohol & Bars","Hour Monet 7291","",""
"8/17/2012","Facebook Des Direct","FACEBOOK INC DES:DIRECT DEP ID:668031169812KYC INDN:STRATFORD,EVAN...","2841.26","credit","Paycheck","my account 0020","",""
"8/17/2012","Winn-Dixie","WINN-DIXIE # 08/17 #000155231 PURCHASE 251 KEY DEER BLVD BIG PINE KEY FL","90.65","debit","Groceries","Hour Monet 7291","",""
"8/16/2012","Summerland Sandal Summerland","CHECKCARD 0815 SUMMERLAND SANDAL, INC SUMMERLAND FL 24755422228162280891182","161.25","debit","Clothing","Hour Monet 7291","",""
"8/15/2012","Clipper Service Ca","CHECKCARD 0813 CLIPPER SERVICE 877-878-8883 CA...","20.00","debit","Public Transportation","Hour Monet 7291","",""
"8/15/2012","Peppers Key West","CHECKCARD 0813 PEPPERS OF KEY WEST KEY WEST FL 24207852227160400292797","17.98","debit","Alcohol & Bars","Hour Monet 7291","",""
"8/14/2012","Sheraton","SHERATON ORLANDO DT FB ORLANDO FL","63.00","debit","Hotel","BankAmericard Cash Rewards Signature Visa","",""
"8/14/2012","Guerilla Cafe","CHECKCARD 0805 GUERILLA CAFE BERKELEY CA 24013392226000782945160","24.12","debit","Restaurants","Hour Monet 7291","",""
"8/14/2012","Sheraton","CHECKCARD 0813 SHERATON ORLANDO DWNTN ORLANDO FL 24906042226040300028090","31.00","debit","Hotel","Hour Monet 7291","",""
"8/14/2012","Kinko's","CHECKCARD 0813 KINO SANDALS INC KEY WEST FL 24270742226307971180358","17.20","debit","Printing","Hour Monet 7291","",""
"8/14/2012","Sheraton","CHECKCARD 0812 SHERATON ORLANDO DWNTN ORLANDO FL 24906042226040300027647","100.13","debit","Hotel","Hour Monet 7291","",""
"8/13/2012","Mears Transportation G","MEARS TRANSPORTATION G ORLANDO FL","43.45","debit","Transfer","BankAmericard Cash Rewards Signature Visa","",""
"8/13/2012","Clipper Service Ca","CHECKCARD 0809 CLIPPER SERVICE 877-878-8883 CA...","20.00","debit","Public Transportation","Hour Monet 7291","",""
"8/13/2012","Bikini Village","CHECKCARD 0812 BIKINI VILLAGE KEY WEST FL 24755422226122268728642","26.86","debit","Clothing","Hour Monet 7291","",""
"8/13/2012","Boudin Sfo","CHECKCARD 0811 BOUDIN SFO # 413 SAN FRANCISCOCA 24231682225207488701059","16.38","debit","Restaurants","Hour Monet 7291","",""
"8/13/2012","Tomokazu Japanese Cuisi","CHECKCARD 0811 Tomokazu Japanese Cuisi San FranciscoCA...","30.00","debit","Restaurants","Hour Monet 7291","",""
"8/13/2012","Best Western","CHECKCARD 0810 BEST WESTERN HOTELS EL MILLBRAE CA 24391212224207399700532","167.31","debit","Hotel","Hour Monet 7291","",""
"8/13/2012","Pho Bar","CHECKCARD 0809 THE PHO BAR BERKELEY CA 24765012223200288400200","13.96","debit","Alcohol & Bars","Hour Monet 7291","",""
"8/13/2012","Old Jerusalem","CHECKCARD 0811 OLD JERUSALEM SAN FRANCISCOCA 24323042224577319010376","34.00","debit","Restaurants","Hour Monet 7291","",""
"8/13/2012","Walgreens","WALGREENS 08/12 #000921003 PURCHASE 527 DUVAL ST KEY WEST FL","63.50","debit","Pharmacy","Hour Monet 7291","",""
"8/13/2012","Nefili Caffe Berkeely","CHECKCARD 0810 NEFILI CAFFE BERKEELY CA 24431062223286398100490","13.00","debit","Coffee Shops","Hour Monet 7291","",""
"8/13/2012","Gomnaru Restaurant","CHECKCARD 0810 GOMNARU RESTAURANT BERKELEY CA 24707802225980154019324","15.00","debit","Restaurants","Hour Monet 7291","",""
"8/10/2012","Berkeley Bowl 2020 Oregon Street","BERKELEY BOWL 08/10 #000070500 PURCHASE 2020 OREGON ST. BERKELEY CA","32.23","debit","Groceries","Hour Monet 7291","",""
"8/10/2012","Bkofamerica ATM Deposit","BKOFAMERICA ATM 08/09 #000008149 DEPOSIT MARKET-NEW MONTG SAN FRANCISCO CA","3576.88","credit","Income","Hour Monet 7291","",""
"8/10/2012","Venus Restaurant","CHECKCARD 0809 VENUS RESTAURANT BERKELEY CA 24707802222980151011160","42.00","debit","Restaurants","Hour Monet 7291","",""
"8/10/2012","Valero","CHECKCARD 0807 VALERO 7528 MOUNTAIN VIEWCA 24427332222120002931459","4.01","debit","Gas & Fuel","Hour Monet 7291","",""
"8/10/2012","Jdillonsf Ca","CHECKCARD 0808 PAYPAL *JDILLONSF 402-935-7733 CA...","102.66","credit","Income","Hour Monet 7291","",""
"8/10/2012","Yalis Cafe","CHECKCARD 0808 YALIS CAFE BERKELEY CA 24692162222000760020746","10.45","debit","Restaurants","Hour Monet 7291","",""
"8/10/2012","Safeway","SAFEWAY STORE 08/09 #000913207 PURCHASE 2300 16TH STREET SAN FRANCISCO CA","14.68","debit","Groceries","Hour Monet 7291","",""
"8/09/2012","Fertile Grounds","CHECKCARD 0807 FERTILE GROUNDS BERKELEY CA 24493982221401080799907","12.00","debit","Coffee Shops","Hour Monet 7291","",""
"8/09/2012","Clipper Service Ca","CHECKCARD 0807 CLIPPER SERVICE 877-878-8883 CA...","20.00","debit","Public Transportation","Hour Monet 7291","",""
"8/08/2012","Games Berke Games","Games of Berke 08/08 #000200587 PURCHASE Games of Berkeley BERKELEY CA","54.35","debit","Cooking Classes","Hour Monet 7291","",""
"8/08/2012","Motel 6","CHECKCARD 0806 SEASHELL MOTEL 517-7874150 FL 24777162220900018200117","99.00","debit","Hotel","Hour Monet 7291","",""
"8/07/2012","Champaign Clerk Int","CHECKCARD 0805 CHAMPAIGN CO CLERK INT 888-2177382 IL 24388942219670344204526","1.75","debit","Service Fee","Hour Monet 7291","",""
"8/07/2012","Champaign County Clerk","CHECKCARD 0805 CHAMPAIGN COUNTY CLERK 888-2177382 IL 24388942219670344182367","21.90","debit","Service Fee","Hour Monet 7291","",""
"8/06/2012","Transfer from my account 0020","ONLINE PAYMENT FROM CHK 0","143.03","credit","Credit Card Payment","BankAmericard Cash Rewards Signature Visa","",""
"8/06/2012","Econo Lodge","ECONOLODGE RIDGECREST CA","71.50","debit","Hotel","BankAmericard Cash Rewards Signature Visa","",""
"8/06/2012","America Best Value","AMERICA'S BEST VALUE I FRESNO CA","66.67","debit","Hotel","BankAmericard Cash Rewards Signature Visa","",""
"8/06/2012","Transfer to Hour Monet 7291","Online Banking transfer to CHK 7291 Confirmation# 0527096835","2299.22","debit","Transfer","my account 0020","",""
"8/06/2012","Transfer to BankAmericard Cash Rewards Signature Visa","Online Banking payment to CRD 0264 Confirmation# 0527094554","143.03","debit","Credit Card Payment","my account 0020","",""
"8/06/2012","Avis","AVIS RENT-A-CAR 1 SAN FRANCISCOCA","63.46","debit","Rental Car & Taxi","Indiana University Alumni Association Inc. MasterCard","",""
"8/06/2012","Bkofamerica ATM Deposit","BKOFAMERICA ATM 08/04 #000007161 DEPOSIT FRESNO CITY CENT FRESNO CA","3576.89","credit","Income","Hour Monet 7291","",""
"8/06/2012","Walgreens","WALGREENS 08/05 #000823024 PURCHASE 1607 SHATTUCK AVE BERKELEY CA","22.16","debit","Pharmacy","Hour Monet 7291","",""
"8/06/2012","Shell","SHELL Service 08/03 #000712200 PURCHASE SHELL PEARSONVILLE CA","6.41","debit","Gas & Fuel","Hour Monet 7291","",""
"8/06/2012","Children Musical Thea","CHECKCARD 0804 CHILDREN S MUSICAL THEA 559-4423140 CA 24755422218132183277401","28.00","debit","Kids","Hour Monet 7291","",""
"8/06/2012","Grand Avenue Airport","GRAND AVENUE 7 08/05 #000538800 PURCHASE 221 AIRPORT BLVD S SAN FRANCIS CA","50.00","debit","Gas & Fuel","Hour Monet 7291","",""
"8/06/2012","Dumpling Empire","CHECKCARD 0805 DUMPLING EMPIRE S SAN FRANCISCA 24431062219207483700321","21.50","debit","Restaurants","Hour Monet 7291","",""
"8/06/2012","CVS","CVS 06772 08/04 #000019999 PURCHASE 06772-- Fresno CA","36.15","debit","Pharmacy","Hour Monet 7291","",""
"8/06/2012","Transfer from my account 0020","Online Banking transfer from CHK 0020 Confirmation# 0527096835","2299.22","credit","Transfer","Hour Monet 7291","",""
"8/06/2012","Cafe","CHECKCARD 0804 CAFE 99 TRAVER CA 24412902218980002825636","29.00","debit","Restaurants","Hour Monet 7291","",""
"8/06/2012","Chevron","CHECKCARD 0804 CHEVRON 002090 BAKERSFIELD CA 77958240460322171777763","31.69","debit","Gas & Fuel","Hour Monet 7291","",""
"8/06/2012","Jouda Dba Jouda","JOUDA INC DBA 08/04 #000956036 PURCHASE JOUDA INC D33102 BAKERSFIELD CA","3.95","debit","Gas & Fuel","Hour Monet 7291","",""
"8/06/2012","Oriental Chi Massage","CHECKCARD 0804 ORIENTAL CHI MASSAGE FRESNO CA 24071052218987137249356","44.00","debit","Spa & Massage","Hour Monet 7291","",""
"8/06/2012","Shell","SHELL Service 08/06 #000761800 PURCHASE SHELL BERKELEY CA","3.55","debit","Gas & Fuel","Hour Monet 7291","",""
"8/06/2012","Shoppe Bravo Fa","CHECKCARD 0804 THE SHOPPE AT BRAVO FA TRAVER CA 24323002218253217020659","5.49","debit","Travel","Hour Monet 7291","",""
"8/06/2012","Dos Palos Chev","DOS PALOS CHEV 08/05 #000631472 PURCHASE DOS PALOS C16150 DOS PALOS CA","4.47","debit","Gas & Fuel","Hour Monet 7291","",""
"8/06/2012","Subway","CHECKCARD 0804 SUBWAY 00345512 PEARSONVILLE CA...","5.00","debit","Fast Food","Hour Monet 7291","",""
"8/06/2012","Gateway","SIERRA GATEWAY 08/04 #000236100 PURCHASE 14606 HIGHWAY 178 LAKE ISABELL CA","23.67","debit","Electronics & Software","Hour Monet 7291","",""
"8/03/2012","Facebook Des Direct","FACEBOOK INC DES:DIRECT DEP ID:626037449079KYC INDN:STRATFORD,EVAN...","2841.25","credit","Paycheck","my account 0020","",""
